<?xml version="1.0" encoding="UTF-8"?>
<!DOCTYPE mapper
    PUBLIC "-//mybatis.org//DTD Mapper 3.0//EN"
    "http://mybatis.org/dtd/mybatis-3-mapper.dtd">

<!-- namespace 설정 : 중복을 배제시키기 위해서 -->
<mapper namespace="com.webjjang.board.mapper.BoardMapper">
 <!-- id는 mapper 인터페이스의 메서드와 맞춰준다. -->
 <select id="list" resultType="com.webjjang.board.vo.BoardVO">
	select no, title, writer, writeDate, hit, replyCnt
	from board
	order by no desc
 </select>
 
 <!-- 게시판 글쓰기 처리 -->
 <insert id="write">
 	insert into board(no, title, content, writer, pw)
 	values(board_seq.nextval, #{title},
 	 #{content}, #{writer}, #{pw})
 </insert>
 
 <!-- 게시판 글보기 -->
 <select id="view" resultType="com.webjjang.board.vo.BoardVO">
 	select no, title, content, writer, writeDate, hit
 	from board
 	where no = #{no}
 </select>
 
 <!-- 게시판 글보기하면 자동으로 조회수가 1증가되도록 해야한다. -->
 <update id="increaseHit">
 	update  board set hit = hit + 1
 	where no = #{no}
 </update>
 
 <!-- 게시판 글수정  : 본인이 작성한 글만 수정가능 -->
 <update id="update">
 	update board
 	set title = #{title}, content = #{content},
 		writer = #{writer}
 	where no = #{no} and pw = #{pw}
 </update>
 
 <!-- 게시판 글삭제 -->
 <delete id="delete">
 	delete from board
 	where no = #{no} and pw = #{pw}
 </delete>
 
</mapper>