{"name":"main","classpathEntries":[{"kind":"binary","path":"C:\\Program Files\\Java\\jdk1.8.0_241\\jre\\lib\\resources.jar","javadocContainerUrl":"https://docs.oracle.com/javase/1/docs/api/","isSystem":true,"isOwn":false,"isTest":false,"isJavaContent":false},{"kind":"binary","path":"C:\\Program Files\\Java\\jdk1.8.0_241\\jre\\lib\\rt.jar","javadocContainerUrl":"https://docs.oracle.com/javase/1/docs/api/","isSystem":true,"isOwn":false,"isTest":false,"isJavaContent":false},{"kind":"binary","path":"C:\\Program Files\\Java\\jdk1.8.0_241\\jre\\lib\\jsse.jar","javadocContainerUrl":"https://docs.oracle.com/javase/1/docs/api/","isSystem":true,"isOwn":false,"isTest":false,"isJavaContent":false},{"kind":"binary","path":"C:\\Program Files\\Java\\jdk1.8.0_241\\jre\\lib\\jce.jar","javadocContainerUrl":"https://docs.oracle.com/javase/1/docs/api/","isSystem":true,"isOwn":false,"isTest":false,"isJavaContent":false},{"kind":"binary","path":"C:\\Program Files\\Java\\jdk1.8.0_241\\jre\\lib\\charsets.jar","javadocContainerUrl":"https://docs.oracle.com/javase/1/docs/api/","isSystem":true,"isOwn":false,"isTest":false,"isJavaContent":false},{"kind":"binary","path":"C:\\Program Files\\Java\\jdk1.8.0_241\\jre\\lib\\jfr.jar","javadocContainerUrl":"https://docs.oracle.com/javase/1/docs/api/","isSystem":true,"isOwn":false,"isTest":false,"isJavaContent":false},{"kind":"binary","path":"C:\\Users\\webjjang\\.m2\\repository\\org\\springframework\\spring-context\\5.0.7.RELEASE\\spring-context-5.0.7.RELEASE.jar","sourceContainerUrl":"file:/C:/Users/webjjang/.m2/repository/org/springframework/spring-context/5.0.7.RELEASE/spring-context-5.0.7.RELEASE-sources.jar","javadocContainerUrl":"file:/C:/Users/webjjang/.m2/repository/org/springframework/spring-context/5.0.7.RELEASE/spring-context-5.0.7.RELEASE-javadoc.jar","isSystem":false,"isOwn":false,"isTest":false,"isJavaContent":false},{"kind":"binary","path":"C:\\Users\\webjjang\\.m2\\repository\\org\\springframework\\spring-aop\\5.0.7.RELEASE\\spring-aop-5.0.7.RELEASE.jar","sourceContainerUrl":"file:/C:/Users/webjjang/.m2/repository/org/springframework/spring-aop/5.0.7.RELEASE/spring-aop-5.0.7.RELEASE-sources.jar","javadocContainerUrl":"file:/C:/Users/webjjang/.m2/repository/org/springframework/spring-aop/5.0.7.RELEASE/spring-aop-5.0.7.RELEASE-javadoc.jar","isSystem":false,"isOwn":false,"isTest":false,"isJavaContent":false},{"kind":"binary","path":"C:\\Users\\webjjang\\.m2\\repository\\org\\springframework\\spring-beans\\5.0.7.RELEASE\\spring-beans-5.0.7.RELEASE.jar","sourceContainerUrl":"file:/C:/Users/webjjang/.m2/repository/org/springframework/spring-beans/5.0.7.RELEASE/spring-beans-5.0.7.RELEASE-sources.jar","javadocContainerUrl":"file:/C:/Users/webjjang/.m2/repository/org/springframework/spring-beans/5.0.7.RELEASE/spring-beans-5.0.7.RELEASE-javadoc.jar","isSystem":false,"isOwn":false,"isTest":false,"isJavaContent":false},{"kind":"binary","path":"C:\\Users\\webjjang\\.m2\\repository\\org\\springframework\\spring-core\\5.0.7.RELEASE\\spring-core-5.0.7.RELEASE.jar","sourceContainerUrl":"file:/C:/Users/webjjang/.m2/repository/org/springframework/spring-core/5.0.7.RELEASE/spring-core-5.0.7.RELEASE-sources.jar","javadocContainerUrl":"file:/C:/Users/webjjang/.m2/repository/org/springframework/spring-core/5.0.7.RELEASE/spring-core-5.0.7.RELEASE-javadoc.jar","isSystem":false,"isOwn":false,"isTest":false,"isJavaContent":false},{"kind":"binary","path":"C:\\Users\\webjjang\\.m2\\repository\\org\\springframework\\spring-jcl\\5.0.7.RELEASE\\spring-jcl-5.0.7.RELEASE.jar","sourceContainerUrl":"file:/C:/Users/webjjang/.m2/repository/org/springframework/spring-jcl/5.0.7.RELEASE/spring-jcl-5.0.7.RELEASE-sources.jar","javadocContainerUrl":"file:/C:/Users/webjjang/.m2/repository/org/springframework/spring-jcl/5.0.7.RELEASE/spring-jcl-5.0.7.RELEASE-javadoc.jar","isSystem":false,"isOwn":false,"isTest":false,"isJavaContent":false},{"kind":"binary","path":"C:\\Users\\webjjang\\.m2\\repository\\org\\springframework\\spring-expression\\5.0.7.RELEASE\\spring-expression-5.0.7.RELEASE.jar","sourceContainerUrl":"file:/C:/Users/webjjang/.m2/repository/org/springframework/spring-expression/5.0.7.RELEASE/spring-expression-5.0.7.RELEASE-sources.jar","javadocContainerUrl":"file:/C:/Users/webjjang/.m2/repository/org/springframework/spring-expression/5.0.7.RELEASE/spring-expression-5.0.7.RELEASE-javadoc.jar","isSystem":false,"isOwn":false,"isTest":false,"isJavaContent":false},{"kind":"binary","path":"C:\\Users\\webjjang\\.m2\\repository\\org\\springframework\\spring-webmvc\\5.0.7.RELEASE\\spring-webmvc-5.0.7.RELEASE.jar","sourceContainerUrl":"file:/C:/Users/webjjang/.m2/repository/org/springframework/spring-webmvc/5.0.7.RELEASE/spring-webmvc-5.0.7.RELEASE-sources.jar","javadocContainerUrl":"file:/C:/Users/webjjang/.m2/repository/org/springframework/spring-webmvc/5.0.7.RELEASE/spring-webmvc-5.0.7.RELEASE-javadoc.jar","isSystem":false,"isOwn":false,"isTest":false,"isJavaContent":false},{"kind":"binary","path":"C:\\Users\\webjjang\\.m2\\repository\\org\\springframework\\spring-web\\5.0.7.RELEASE\\spring-web-5.0.7.RELEASE.jar","sourceContainerUrl":"file:/C:/Users/webjjang/.m2/repository/org/springframework/spring-web/5.0.7.RELEASE/spring-web-5.0.7.RELEASE-sources.jar","javadocContainerUrl":"file:/C:/Users/webjjang/.m2/repository/org/springframework/spring-web/5.0.7.RELEASE/spring-web-5.0.7.RELEASE-javadoc.jar","isSystem":false,"isOwn":false,"isTest":false,"isJavaContent":false},{"kind":"binary","path":"C:\\Users\\webjjang\\.m2\\repository\\org\\aspectj\\aspectjrt\\1.9.0\\aspectjrt-1.9.0.jar","sourceContainerUrl":"file:/C:/Users/webjjang/.m2/repository/org/aspectj/aspectjrt/1.9.0/aspectjrt-1.9.0-sources.jar","javadocContainerUrl":"file:/C:/Users/webjjang/.m2/repository/org/aspectj/aspectjrt/1.9.0/aspectjrt-1.9.0-javadoc.jar","isSystem":false,"isOwn":false,"isTest":false,"isJavaContent":false},{"kind":"binary","path":"C:\\Users\\webjjang\\.m2\\repository\\org\\slf4j\\slf4j-api\\1.7.25\\slf4j-api-1.7.25.jar","sourceContainerUrl":"file:/C:/Users/webjjang/.m2/repository/org/slf4j/slf4j-api/1.7.25/slf4j-api-1.7.25-sources.jar","javadocContainerUrl":"file:/C:/Users/webjjang/.m2/repository/org/slf4j/slf4j-api/1.7.25/slf4j-api-1.7.25-javadoc.jar","isSystem":false,"isOwn":false,"isTest":false,"isJavaContent":false},{"kind":"binary","path":"C:\\Users\\webjjang\\.m2\\repository\\org\\slf4j\\jcl-over-slf4j\\1.7.25\\jcl-over-slf4j-1.7.25.jar","sourceContainerUrl":"file:/C:/Users/webjjang/.m2/repository/org/slf4j/jcl-over-slf4j/1.7.25/jcl-over-slf4j-1.7.25-sources.jar","javadocContainerUrl":"file:/C:/Users/webjjang/.m2/repository/org/slf4j/jcl-over-slf4j/1.7.25/jcl-over-slf4j-1.7.25-javadoc.jar","isSystem":false,"isOwn":false,"isTest":false,"isJavaContent":false},{"kind":"binary","path":"C:\\Users\\webjjang\\.m2\\repository\\org\\slf4j\\slf4j-log4j12\\1.7.25\\slf4j-log4j12-1.7.25.jar","sourceContainerUrl":"file:/C:/Users/webjjang/.m2/repository/org/slf4j/slf4j-log4j12/1.7.25/slf4j-log4j12-1.7.25-sources.jar","javadocContainerUrl":"file:/C:/Users/webjjang/.m2/repository/org/slf4j/slf4j-log4j12/1.7.25/slf4j-log4j12-1.7.25-javadoc.jar","isSystem":false,"isOwn":false,"isTest":false,"isJavaContent":false},{"kind":"binary","path":"C:\\Users\\webjjang\\.m2\\repository\\log4j\\log4j\\1.2.17\\log4j-1.2.17.jar","sourceContainerUrl":"file:/C:/Users/webjjang/.m2/repository/log4j/log4j/1.2.17/log4j-1.2.17-sources.jar","javadocContainerUrl":"file:/C:/Users/webjjang/.m2/repository/log4j/log4j/1.2.17/log4j-1.2.17-javadoc.jar","isSystem":false,"isOwn":false,"isTest":false,"isJavaContent":false},{"kind":"binary","path":"C:\\Users\\webjjang\\.m2\\repository\\javax\\inject\\javax.inject\\1\\javax.inject-1.jar","sourceContainerUrl":"file:/C:/Users/webjjang/.m2/repository/javax/inject/javax.inject/1/javax.inject-1-sources.jar","javadocContainerUrl":"file:/C:/Users/webjjang/.m2/repository/javax/inject/javax.inject/1/javax.inject-1-javadoc.jar","isSystem":false,"isOwn":false,"isTest":false,"isJavaContent":false},{"kind":"binary","path":"C:\\Users\\webjjang\\.m2\\repository\\javax\\servlet\\javax.servlet-api\\3.1.0\\javax.servlet-api-3.1.0.jar","sourceContainerUrl":"file:/C:/Users/webjjang/.m2/repository/javax/servlet/javax.servlet-api/3.1.0/javax.servlet-api-3.1.0-sources.jar","javadocContainerUrl":"file:/C:/Users/webjjang/.m2/repository/javax/servlet/javax.servlet-api/3.1.0/javax.servlet-api-3.1.0-javadoc.jar","isSystem":false,"isOwn":false,"isTest":false,"isJavaContent":false},{"kind":"binary","path":"C:\\Users\\webjjang\\.m2\\repository\\javax\\servlet\\jsp\\javax.servlet.jsp-api\\2.3.1\\javax.servlet.jsp-api-2.3.1.jar","sourceContainerUrl":"file:/C:/Users/webjjang/.m2/repository/javax/servlet/jsp/javax.servlet.jsp-api/2.3.1/javax.servlet.jsp-api-2.3.1-sources.jar","javadocContainerUrl":"file:/C:/Users/webjjang/.m2/repository/javax/servlet/jsp/javax.servlet.jsp-api/2.3.1/javax.servlet.jsp-api-2.3.1-javadoc.jar","isSystem":false,"isOwn":false,"isTest":false,"isJavaContent":false},{"kind":"binary","path":"C:\\Users\\webjjang\\.m2\\repository\\javax\\servlet\\jstl\\1.2\\jstl-1.2.jar","sourceContainerUrl":"file:/C:/Users/webjjang/.m2/repository/javax/servlet/jstl/1.2/jstl-1.2-sources.jar","isSystem":false,"isOwn":false,"isTest":false,"isJavaContent":false},{"kind":"binary","path":"D:\\workspace\\spring\\boardProject\\src\\main\\webapp\\WEB-INF\\lib\\ojdbc6.jar","isSystem":false,"isOwn":false,"isTest":false,"isJavaContent":false},{"kind":"binary","path":"C:\\Users\\webjjang\\.m2\\repository\\com\\zaxxer\\HikariCP\\2.7.8\\HikariCP-2.7.8.jar","sourceContainerUrl":"file:/C:/Users/webjjang/.m2/repository/com/zaxxer/HikariCP/2.7.8/HikariCP-2.7.8-sources.jar","javadocContainerUrl":"file:/C:/Users/webjjang/.m2/repository/com/zaxxer/HikariCP/2.7.8/HikariCP-2.7.8-javadoc.jar","isSystem":false,"isOwn":false,"isTest":false,"isJavaContent":false},{"kind":"binary","path":"C:\\Users\\webjjang\\.m2\\repository\\org\\mybatis\\mybatis\\3.4.6\\mybatis-3.4.6.jar","sourceContainerUrl":"file:/C:/Users/webjjang/.m2/repository/org/mybatis/mybatis/3.4.6/mybatis-3.4.6-sources.jar","javadocContainerUrl":"file:/C:/Users/webjjang/.m2/repository/org/mybatis/mybatis/3.4.6/mybatis-3.4.6-javadoc.jar","isSystem":false,"isOwn":false,"isTest":false,"isJavaContent":false},{"kind":"binary","path":"C:\\Users\\webjjang\\.m2\\repository\\org\\mybatis\\mybatis-spring\\1.3.2\\mybatis-spring-1.3.2.jar","sourceContainerUrl":"file:/C:/Users/webjjang/.m2/repository/org/mybatis/mybatis-spring/1.3.2/mybatis-spring-1.3.2-sources.jar","javadocContainerUrl":"file:/C:/Users/webjjang/.m2/repository/org/mybatis/mybatis-spring/1.3.2/mybatis-spring-1.3.2-javadoc.jar","isSystem":false,"isOwn":false,"isTest":false,"isJavaContent":false},{"kind":"binary","path":"C:\\Users\\webjjang\\.m2\\repository\\org\\springframework\\spring-tx\\5.0.7.RELEASE\\spring-tx-5.0.7.RELEASE.jar","sourceContainerUrl":"file:/C:/Users/webjjang/.m2/repository/org/springframework/spring-tx/5.0.7.RELEASE/spring-tx-5.0.7.RELEASE-sources.jar","javadocContainerUrl":"file:/C:/Users/webjjang/.m2/repository/org/springframework/spring-tx/5.0.7.RELEASE/spring-tx-5.0.7.RELEASE-javadoc.jar","isSystem":false,"isOwn":false,"isTest":false,"isJavaContent":false},{"kind":"binary","path":"C:\\Users\\webjjang\\.m2\\repository\\org\\springframework\\spring-jdbc\\5.0.7.RELEASE\\spring-jdbc-5.0.7.RELEASE.jar","sourceContainerUrl":"file:/C:/Users/webjjang/.m2/repository/org/springframework/spring-jdbc/5.0.7.RELEASE/spring-jdbc-5.0.7.RELEASE-sources.jar","javadocContainerUrl":"file:/C:/Users/webjjang/.m2/repository/org/springframework/spring-jdbc/5.0.7.RELEASE/spring-jdbc-5.0.7.RELEASE-javadoc.jar","isSystem":false,"isOwn":false,"isTest":false,"isJavaContent":false},{"kind":"binary","path":"C:\\Users\\webjjang\\.m2\\repository\\junit\\junit\\4.7\\junit-4.7.jar","sourceContainerUrl":"file:/C:/Users/webjjang/.m2/repository/junit/junit/4.7/junit-4.7-sources.jar","isSystem":false,"isOwn":false,"isTest":false,"isJavaContent":false},{"kind":"source","path":"D:\\workspace\\spring\\boardProject\\src\\main\\java","outputFolder":"D:\\workspace\\spring\\boardProject\\target\\classes","javadocContainerUrl":"file:/D:/workspace/spring/boardProject/target/site/apidocs","isSystem":false,"isOwn":true,"isTest":false,"isJavaContent":true},{"kind":"source","path":"D:\\workspace\\spring\\boardProject\\src\\test\\java","outputFolder":"D:\\workspace\\spring\\boardProject\\target\\test-classes","javadocContainerUrl":"file:/D:/workspace/spring/boardProject/target/site/apidocs","isSystem":false,"isOwn":true,"isTest":true,"isJavaContent":true},{"kind":"source","path":"D:\\workspace\\spring\\boardProject\\src\\main\\resources","outputFolder":"D:\\workspace\\spring\\boardProject\\target\\classes","isSystem":false,"isOwn":true,"isTest":false,"isJavaContent":false},{"kind":"source","path":"D:\\workspace\\spring\\boardProject\\src\\test\\resources","outputFolder":"D:\\workspace\\spring\\boardProject\\target\\test-classes","isSystem":false,"isOwn":true,"isTest":true,"isJavaContent":false},{"kind":"source","path":"D:\\workspace\\spring\\boardProject\\src\\test\\java","outputFolder":"D:\\workspace\\spring\\boardProject\\target\\test-classes","javadocContainerUrl":"file:/D:/workspace/spring/boardProject/target/site/apidocs","isSystem":false,"isOwn":true,"isTest":false,"isJavaContent":false}]}