<?xml version="1.0" encoding="UTF-8"?>
<beans xmlns="http://www.springframework.org/schema/beans"
	xmlns:xsi="http://www.w3.org/2001/XMLSchema-instance"
	xmlns:context="http://www.springframework.org/schema/context"
	xmlns:mybatis-spring="http://mybatis.org/schema/mybatis-spring"
	xsi:schemaLocation="http://mybatis.org/schema/mybatis-spring http://mybatis.org/schema/mybatis-spring-1.2.xsd
  http://www.springframework.org/schema/beans https://www.springframework.org/schema/beans/spring-beans.xsd
  http://www.springframework.org/schema/context http://www.springframework.org/schema/context/spring-context-4.3.xsd">

	<!-- Root Context: defines shared resources visible to all other web components -->
	<!-- 객체 선언: 자동 생성 -->
	<bean id="hikariConfig" class="com.zaxxer.hikari.HikariConfig">
		<!-- 바로 오라클 로 가는 거 기본 타입  -->
		<property name="driverClassName" value="oracle.jdbc.driver.OracleDriver" />  
		<!--property name은 hikariConfig라는 bean내에서 선언된 셉터들로만 할 수 있다.(미리 정의된 변수&함수들만 쓸수 있다는애기 -->
		<!-- 자바에서 프라이빗으로 스태틱변수로 선언했기 때문이라고 한다. -->
		<!-- 셉터는 프로퍼티가 set+get이 셋트로 함께 있는 것. -->
			
		<!-- property name을 직접설정하여 사용하는 것은  00-05번 강의아에서는 아직 취급 않으므로 주석처리. -->
		<!-- 		<property name="driverClassName" 				-->
		<!-- value="net.sf.log4jdbc.sql.jdbcapi.DriverSpy" /> 		-->
		
		<property name="jdbcUrl" value="jdbc:log4jdbc:oracle:thin:@localhost:1521:xe" />
		<property name="username" value="java00" />
		<property name="password" value="1234" />

		<!-- DB 접속 정보를 설치한 것에 맞게 변경해 줘야 한다. -> 만약에 11g xe를 설치한 경우 <property name="jdbcUrl" 
			value="jdbc:log4jdbc:oracle:thin:@localhost:1521:xe" /> <property name="username" 
			value="java09" /> <property name="password" value="java09" /> -->

	</bean>
	<!-- 서버가 시작되면 Connection을 만들어서 DBCP에 넣어둔다. 속도 -->
	<bean id="dataSource" class="com.zaxxer.hikari.HikariDataSource"
		destroy-method="close">
		<constructor-arg ref="hikariConfig" />
	</bean>
	<!-- Mybaits - dao 코드 자동 생성 -->
	<!-- mapper Interface(메서드이름) - mapper xml(sql) -->
	<bean id="sqlSessionFactory"
		class="org.mybatis.spring.SqlSessionFactoryBean">
		<property name="dataSource" ref="dataSource"></property>
	</bean>

	<!-- dao(persitence) 자동으로 만들어 주기 위한 위치 -->
	<mybatis-spring:scan base-package="com.webjjang" />

	<context:component-scan
		base-package="com.webjjang">
	</context:component-scan>

</beans>