<?xml version="1.0" encoding="UTF-8"?>
<beans:beans xmlns="http://www.springframework.org/schema/mvc"
	xmlns:xsi="http://www.w3.org/2001/XMLSchema-instance"
	xmlns:beans="http://www.springframework.org/schema/beans"
	xmlns:context="http://www.springframework.org/schema/context"
	xsi:schemaLocation="http://www.springframework.org/schema/mvc https://www.springframework.org/schema/mvc/spring-mvc.xsd
		http://www.springframework.org/schema/beans https://www.springframework.org/schema/beans/spring-beans.xsd
		http://www.springframework.org/schema/context https://www.springframework.org/schema/context/spring-context.xsd">

	<!-- DispatcherServlet Context: defines this servlet's request-processing infrastructure -->
	
	<!-- Enables the Spring MVC @Controller programming model -->
	<annotation-driven />

	<!-- Handles HTTP GET requests for /resources/** by efficiently serving up static resources in the ${webappRoot}/resources directory -->
	<resources mapping="/resources/**" location="/resources/" />

	<!-- Resolves views selected for rendering by @Controllers to .jsp resources in the /WEB-INF/views directory -->
	<beans:bean class="org.springframework.web.servlet.view.InternalResourceViewResolver">
		<beans:property name="prefix" value="/WEB-INF/views/" />
		<beans:property name="suffix" value=".jsp" />
	</beans:bean>
	
	<!-- 객체를 자동으로 만들 기본 패키지 지정 : 기본 패키지 아래의 특정하게 정의해 놓은 클래스를 자동 생성된다.-->
	<!-- @Controller가 붙어있는 소스파일들을 참조로 하여 만들게 된다. -->
	<context:component-scan base-package="com.webjjang" />

	<!-- 원래 :<context:component-scan base-package="com.webjjang.main" />
	   	  수정 :<context:component-scan base-package="com.webjjang" />
	   	  "com.webjjang.main"으로 그대로 하면 boardController등의 다른 컨트롤러패키지들을 맵핑해주지 않아 404 에러로 이어지게 된다.
	 -->
	
</beans:beans>
