<?xml version="1.0" encoding="UTF-8"?>

<beans xmlns="http://www.springframework.org/schema/beans"

	xmlns:xsi="http://www.w3.org/2001/XMLSchema-instance"

	xsi:schemaLocation="http://www.springframework.org/schema/beans http://www.springframework.org/schema/beans/spring-beans.xsd">

	

	<!-- Root Context: defines shared resources visible to all other web components -->

	

	<!-- properties -->

    <bean class="org.springframework.beans.factory.config.PropertyPlaceholderConfigurer">

        <property name="locations" value="classpath:/jdbc.properties" />

        <property name="fileEncoding" value="UTF-8" />

    </bean>

    

    <!-- JDBC-PostgreSQL -->

    <bean id="dataSource" class="org.springframework.jdbc.datasource.DriverManagerDataSource">

        <property name="driverClassName" value="${jdbc.driverClassName}" />

        <property name="url" value="${jdbc.url}" />

        <property name="username" value="${jdbc.username}" />

        <property name="password" value="${jdbc.password}" />

    </bean>

    

    <bean id="sqlSessionFactory" class="org.mybatis.spring.SqlSessionFactoryBean"> 

    	<property name="mapperLocations" value="classpath*:sql/**/*.xml"/>  

    	<property name="dataSource" ref="dataSource" /> 

    </bean> 

    

    <bean id="sqlSessionTemplate" class="org.mybatis.spring.SqlSessionTemplate"> 

    	<constructor-arg index="0" ref="sqlSessionFactory" /> 

    </bean>


</beans>